{
  "timestamp": "2026-07-22T18:46:23.744598",
  "config": {
    "episodes": 2000,
    "max_steps": 50,
    "warmup_episodes": 50,
    "exploration_start": 0.3,
    "exploration_end": 0.05,
    "output_dir": "/workspace/results_baselines"
  },
  "results": {
    "ddpg": {
      "mean": 5982876912.355099,
      "std": 302746419.092457,
      "min": 5418491834.197616,
      "max": 6673452807.549405
    },
    "td3": {
      "mean": 5957259369.646851,
      "std": 268849683.6684784,
      "min": 5465657929.623272,
      "max": 6869112898.879952
    },
    "sac": {
      "mean": 5905270882.533542,
      "std": 241893652.59112573,
      "min": 5589299845.901917,
      "max": 6732129375.11153
    },
    "ppo": {
      "mean": 5855878753.834413,
      "std": 243825260.4740439,
      "min": 5242776202.018156,
      "max": 6461689450.454273
    }
  }
}