{
  "method": "mlp_obstacle_rich",
  "architecture": "51 -> 256 -> BN -> 128 -> BN -> 64 -> 3",
  "training_samples": 2000,
  "training_time_s": 8.981465101242065,
  "test_scenarios": 100,
  "summary_mlp_rich": {
    "throughput_mbps": {
      "mean": 130.25405299609403,
      "std": 79.30073831035007,
      "ci95": 15.621247192855838
    },
    "fairness_mean": 0.9435097784656142,
    "coverage_mean": 0.3610238095238095,
    "latency_ms": {
      "mean": 0.3237409103894606,
      "p50": 0.3379239933565259,
      "p95": 0.4810343583812937
    }
  },
  "summary_analytical": {
    "throughput_mbps": {
      "mean": 112.2301420825546,
      "std": 45.310322032841384,
      "ci95": 8.925563064657336
    },
    "fairness_mean": 0.8151094640509524,
    "coverage_mean": 0.26154761904761903
  },
  "summary_de": {
    "throughput_mbps": {
      "mean": 174.17222648531973,
      "std": 78.83532462350081,
      "ci95": 15.529566555271387
    },
    "fairness_mean": 0.930092736214354,
    "coverage_mean": 0.6792619047619047
  },
  "learning_curves": {
    "train_losses": [
      1096.3986653645834,
      356.01736016167536,
      67.85075276692709,
      89.50528489854601,
      77.2512956407335,
      65.60648793538411,
      59.232879842122394,
      80.84249274359809,
      61.16353227403429,
      63.57724127875434,
      67.79412943522135,
      75.41950670030381,
      73.54651385837131,
      53.502797495524085,
      52.328482733832466,
      56.37834177652995,
      68.34472394307454,
      65.0575144788954,
      55.76245376586914,
      57.91834023369683,
      48.89540861341688,
      50.429393412272134,
      47.57311011420356,
      49.254958902994794,
      40.40199659559462,
      38.40036227756077,
      41.696989915635854,
      39.55951877170139,
      38.85997046576606,
      29.07054924858941,
      30.91175717671712,
      29.469207221137154,
      30.793542370266383,
      27.01665484958225,
      27.05458432515462,
      27.941074091593425,
      26.793590766059026,
      27.690743865966798,
      24.88496410369873,
      24.566117197672526,
      24.888038940429688,
      26.942495388454862,
      25.075167287190755,
      25.25752692328559,
      24.93932494269477,
      26.17650422837999,
      24.837780210706924,
      25.390678397284614,
      24.838011525472005,
      24.571797815958657,
      25.40531512790256,
      27.018275214301216,
      26.642870517306857,
      26.806620652940538,
      25.92332767062717,
      26.414018245273166,
      24.388415484958223,
      24.978920237223306,
      25.30036493089464,
      25.125254584418403,
      24.52329608493381,
      24.727487241956922,
      24.977502593994142,
      23.58618307325575,
      23.95893273247613,
      23.52287874009874,
      23.179196548461913,
      23.288988460964628,
      23.07399398803711,
      23.738027538723415,
      23.54027271270752,
      23.515681898328992,
      22.93448783026801,
      23.13770706176758,
      22.5827047390408,
      23.11194339328342,
      22.54779069688585,
      22.540008875528972,
      22.637636947631837,
      22.565149612426758,
      22.271593780517577,
      22.190811555650498,
      22.197587025960285,
      22.046225005255806,
      22.6723661465115,
      22.421316884358724,
      22.185004518296985,
      22.73342392815484
    ],
    "val_losses": [
      734.5993579101563,
      34.64734931945801,
      36.03293037414551,
      31.136759643554687,
      27.293440704345702,
      27.826377067565918,
      25.871887550354003,
      30.46757537841797,
      27.881447982788085,
      26.090522003173827,
      27.50609748840332,
      46.851454467773436,
      25.606770935058595,
      23.379895362854004,
      23.312257919311524,
      20.837186317443848,
      23.11248462677002,
      27.38038158416748,
      19.643771324157715,
      21.215409393310548,
      26.37441215515137,
      19.336657676696777,
      20.690923461914064,
      20.91165184020996,
      21.25830684661865,
      24.074118881225587,
      19.091174964904784,
      20.127649574279786,
      19.79941345214844,
      21.644473571777343,
      19.556961097717284,
      19.25631938934326,
      20.477606506347655,
      23.869666595458984,
      19.2142317199707,
      21.849096717834474,
      22.46329071044922,
      19.580356941223144,
      19.384712524414063,
      18.86074905395508,
      18.898568840026854,
      23.75240432739258,
      18.843732109069823,
      19.09977924346924,
      18.952568855285644,
      19.09983673095703,
      19.17305389404297,
      19.33049671173096,
      22.847609024047852,
      18.711192779541015,
      25.703145065307616,
      26.380953521728514,
      22.938793716430663,
      28.1470108795166,
      18.64959041595459,
      123.14063404083252,
      21.527268486022948,
      18.57819622039795,
      22.78027530670166,
      24.150966186523437,
      3000.3774926757815,
      3489.8123344802857,
      23444.74200267792,
      29955.490707893372,
      23109.975457305907,
      23555.31456638336,
      47405.4129504013,
      31778.426361541748,
      43253.70678329468,
      81320.15499729157,
      89803.83111782074,
      61745.64900177002,
      96548.59496444702,
      178140.69871398926,
      179102.7060221863,
      176224.24184726714,
      177298.23790958404,
      203766.48488185884,
      229703.34559314727,
      217012.3801340103,
      205192.62983249663,
      195732.83608646394,
      277756.716472435,
      267869.1075839615,
      308284.897702446,
      299997.6150989914,
      321526.7155862427,
      351463.4630548477
    ]
  },
  "comparison": {
    "analytical_throughput": 112.2301420825546,
    "mlp_rich_throughput": 130.25405299609403,
    "de_throughput": 174.17222648531973,
    "mlp_vs_analytical_pct": 16.05977732816319,
    "recovery_ratio": 0.29098005156466517
  }
}