{
  "metadata": {
    "timestamp": "2026-02-13 19:06:30",
    "n_bootstrap": 10000,
    "n_scenarios": 100,
    "methods": [
      "vla",
      "analytical",
      "optimized",
      "random",
      "static",
      "sac",
      "td3",
      "mlp_2k",
      "mlp_8k",
      "ppo"
    ]
  },
  "bootstrap_ci": {
    "vla": {
      "mean": 133.99712870992752,
      "ci_low": 125.23342622193725,
      "ci_high": 143.26754032381737
    },
    "analytical": {
      "mean": 118.39829322998838,
      "ci_low": 110.14402757066692,
      "ci_high": 126.84547691735023
    },
    "optimized": {
      "mean": 189.2881219263635,
      "ci_low": 174.99400306673442,
      "ci_high": 203.89680138494253
    },
    "random": {
      "mean": 96.45660078174502,
      "ci_low": 87.97237043040751,
      "ci_high": 105.19852390892719
    },
    "static": {
      "mean": 111.81135134262729,
      "ci_low": 103.41085578284896,
      "ci_high": 120.1779241170331
    },
    "sac": {
      "mean": 114.46122237703268,
      "ci_low": 105.78321758606907,
      "ci_high": 123.16704560415067
    },
    "td3": {
      "mean": 68.4937732605503,
      "ci_low": 64.45624557361259,
      "ci_high": 72.53130094748798
    },
    "mlp_2k": {
      "mean": 170.16232325304358,
      "ci_low": 158.12940868512152,
      "ci_high": 182.31021164694633
    },
    "mlp_8k": {
      "mean": 168.93306950862902,
      "ci_low": 157.4244571548518,
      "ci_high": 180.5099707801754
    },
    "ppo": {
      "mean": 68.5780155385566,
      "ci_low": 64.49725411871822,
      "ci_high": 72.6081199091459
    }
  },
  "cohens_d": {
    "vla vs analytical": {
      "d": 0.2738446419549034,
      "interpretation": "small"
    },
    "vla vs sac": {
      "d": 0.44790880581000453,
      "interpretation": "small"
    },
    "mlp_8k vs vla": {
      "d": 0.6714205996988801,
      "interpretation": "medium"
    },
    "vla vs ppo": {
      "d": 1.3962953881952218,
      "interpretation": "large"
    }
  },
  "bonferroni_ttests": {
    "vla vs analytical": {
      "t_statistic": 2.738446419549034,
      "p_raw": 0.007321104271788665,
      "p_bonferroni": 0.04392662563073199,
      "significant_at_0.05": true
    },
    "vla vs sac": {
      "t_statistic": 4.479088058100045,
      "p_raw": 2.0124157813409465e-05,
      "p_bonferroni": 0.0001207449468804568,
      "significant_at_0.05": true
    },
    "vla vs td3": {
      "t_statistic": 13.960574774611336,
      "p_raw": 3.965493157913876e-25,
      "p_bonferroni": 2.3792958947483254e-24,
      "significant_at_0.05": true
    },
    "vla vs ppo": {
      "t_statistic": 13.962953881952219,
      "p_raw": 3.92115680495035e-25,
      "p_bonferroni": 2.3526940829702097e-24,
      "significant_at_0.05": true
    },
    "vla vs mlp_2k": {
      "t_statistic": -6.354620328457883,
      "p_raw": 6.425302956035322e-09,
      "p_bonferroni": 3.855181773621193e-08,
      "significant_at_0.05": true
    },
    "vla vs mlp_8k": {
      "t_statistic": -6.7142059969888015,
      "p_raw": 1.200389441963913e-09,
      "p_bonferroni": 7.202336651783477e-09,
      "significant_at_0.05": true
    }
  },
  "mlp_2k_vs_8k": {
    "mlp_2k_mean": 170.16232325304358,
    "mlp_8k_mean": 168.93306950862902,
    "mean_difference": 1.2292537444145637,
    "t_statistic": 0.9866488276238279,
    "p_value": 0.3262200823403927,
    "cohens_d": 0.09866488276238279,
    "cohens_d_interpretation": "negligible",
    "significant_at_0.05": false
  },
  "weight_sensitivity": {
    "default": {
      "weights": {
        "w1": 0.6,
        "w2": 0.3,
        "w3": 0.1
      },
      "ranking": [
        {
          "rank": 1,
          "method": "optimized",
          "mean_composite": 149.9427065377524,
          "std": 44.818036536436125
        },
        {
          "rank": 2,
          "method": "mlp_2k",
          "mean_composite": 136.9373304844133,
          "std": 38.38939996810024
        },
        {
          "rank": 3,
          "method": "mlp_8k",
          "mean_composite": 136.19585239448756,
          "std": 36.86588708448378
        },
        {
          "rank": 4,
          "method": "vla",
          "mean_composite": 113.97991621280066,
          "std": 29.964498151856752
        },
        {
          "rank": 5,
          "method": "sac",
          "mean_composite": 100.48898667195921,
          "std": 27.32186514136217
        },
        {
          "rank": 6,
          "method": "static",
          "mean_composite": 99.16937272682544,
          "std": 26.876126582998
        },
        {
          "rank": 7,
          "method": "analytical",
          "mean_composite": 98.77156005426552,
          "std": 24.734636723814997
        },
        {
          "rank": 8,
          "method": "random",
          "mean_composite": 88.76938181601997,
          "std": 26.654951406312875
        },
        {
          "rank": 9,
          "method": "ppo",
          "mean_composite": 72.17390220403807,
          "std": 12.478467931845659
        },
        {
          "rank": 10,
          "method": "td3",
          "mean_composite": 72.11054967061588,
          "std": 12.447696090592943
        }
      ]
    },
    "throughput_heavy": {
      "weights": {
        "w1": 0.8,
        "w2": 0.1,
        "w3": 0.1
      },
      "ranking": [
        {
          "rank": 1,
          "method": "optimized",
          "mean_composite": 168.71218803348157,
          "std": 59.639727830070896
        },
        {
          "rank": 2,
          "method": "mlp_2k",
          "mean_composite": 151.91094855774173,
          "std": 50.734035056009766
        },
        {
          "rank": 3,
          "method": "mlp_8k",
          "mean_composite": 150.83242742397485,
          "std": 48.617170119168655
        },
        {
          "rank": 4,
          "method": "vla",
          "mean_composite": 121.52523342387418,
          "std": 39.075716726671956
        },
        {
          "rank": 5,
          "method": "analytical",
          "mean_composite": 106.14838484497041,
          "std": 34.603124928797705
        },
        {
          "rank": 6,
          "method": "sac",
          "mean_composite": 104.51131628512665,
          "std": 36.204477074230894
        },
        {
          "rank": 7,
          "method": "static",
          "mean_composite": 102.45914139705786,
          "std": 35.281981190700115
        },
        {
          "rank": 8,
          "method": "random",
          "mean_composite": 89.10057980454572,
          "std": 35.983581075833094
        },
        {
          "rank": 9,
          "method": "ppo",
          "mean_composite": 65.89430053400379,
          "std": 16.63101458753037
        },
        {
          "rank": 10,
          "method": "td3",
          "mean_composite": 65.80930432272595,
          "std": 16.591015558782985
        }
      ]
    },
    "fairness_heavy": {
      "weights": {
        "w1": 0.3,
        "w2": 0.6,
        "w3": 0.1
      },
      "ranking": [
        {
          "rank": 1,
          "method": "optimized",
          "mean_composite": 121.78848429415854,
          "std": 22.826666245731264
        },
        {
          "rank": 2,
          "method": "mlp_2k",
          "mean_composite": 114.47690337442067,
          "std": 20.115088011759056
        },
        {
          "rank": 3,
          "method": "mlp_8k",
          "mean_composite": 114.24098985025663,
          "std": 19.438443289848497
        },
        {
          "rank": 4,
          "method": "vla",
          "mean_composite": 102.66194039619039,
          "std": 16.513271909906845
        },
        {
          "rank": 5,
          "method": "sac",
          "mean_composite": 94.45549225220806,
          "std": 14.28796503314104
        },
        {
          "rank": 6,
          "method": "static",
          "mean_composite": 94.23471972147674,
          "std": 14.561028289558635
        },
        {
          "rank": 7,
          "method": "random",